timestamp,event_type,price,side,size,best_bid,best_ask
,book,0.0100,BUY,9737,0.0100,0.02
,book,0.02,SELL,54,0.0100,0.02
2026-01-08T02:13:20.579585Z,price_change,0.0500,SELL,40,0.01,0.0200
2026-01-08T02:13:20.944691Z,price_change,0.0500,SELL,-40,0.01,0.0200
,book,0.0200,BUY,2913,0.0200,0.03
,book,0.03,SELL,8142,0.0200,0.03
2026-01-08T02:14:14.001378Z,price_change,0.1800,SELL,-691,0.02,0.0300
2026-01-08T02:14:14.001378Z,price_change,0.01,BUY,-691,0.02,0.0300
2026-01-08T02:14:18.071172Z,price_change,0.0300,SELL,-7500,0.02,0.0300
2026-01-08T02:14:18.101618Z,price_change,0.4700,SELL,-114,0.02,0.0300
2026-01-08T02:14:18.103598Z,price_change,0.5000,SELL,130,0.02,0.0300
2026-01-08T02:14:18.187234Z,price_change,0.02,BUY,-2500,0.02,0.0300
2026-01-08T02:14:19.208762Z,price_change,0.02,BUY,-50,0.02,0.0300
1767838459,last_trade_price,0.98,SELL,50,0.02,0.0300
2026-01-08T02:14:20.894753Z,price_change,0.02,BUY,-111,0.02,0.0300
1767838460,last_trade_price,0.98,SELL,111,0.02,0.0300
2026-01-08T02:14:20.92266Z,price_change,0.0300,SELL,7500,0.02,0.0300
2026-01-08T02:14:25.378855Z,price_change,0.02,BUY,-21,0.02,0.0300
1767838465,last_trade_price,0.98,SELL,21,0.02,0.0300
2026-01-08T02:14:27.359828Z,price_change,0.01,BUY,691,0.02,0.0300
2026-01-08T02:14:27.364434Z,price_change,0.1800,SELL,691,0.02,0.0300
2026-01-08T02:14:27.563511Z,price_change,0.0300,SELL,9,0.02,0.0300
2026-01-08T02:14:30.00076Z,price_change,0.01,BUY,-691,0.02,0.0300
2026-01-08T02:14:30.00076Z,price_change,0.1800,SELL,-691,0.02,0.0300
2026-01-08T02:14:31.105524Z,price_change,0.02,BUY,2500,0.02,0.0300
2026-01-08T02:14:34.456791Z,price_change,0.0400,SELL,-1000,0.02,0.0300
2026-01-08T02:14:36.790507Z,price_change,0.0500,SELL,40,0.02,0.0300
2026-01-08T02:14:37.17405Z,price_change,0.0500,SELL,-40,0.02,0.0300
2026-01-08T02:14:37.771293Z,price_change,0.2000,SELL,-47,0.02,0.0300
2026-01-08T02:14:37.771293Z,price_change,0.1500,SELL,47,0.02,0.0300
2026-01-08T02:14:40.522204Z,price_change,0.02,BUY,-21,0.02,0.0300
1767838480,last_trade_price,0.98,SELL,21,0.02,0.0300
2026-01-08T02:14:41.563974Z,price_change,0.01,BUY,691,0.02,0.0300
2026-01-08T02:14:41.5654Z,price_change,0.1800,SELL,691,0.02,0.0300
2026-01-08T02:14:41.761366Z,price_change,0.0500,SELL,40,0.02,0.0300
2026-01-08T02:14:41.785977Z,price_change,0.0300,SELL,3,0.02,0.0300
2026-01-08T02:14:42.168688Z,price_change,0.0500,SELL,-40,0.02,0.0300
2026-01-08T02:14:44.001274Z,price_change,0.1800,SELL,-691,0.02,0.0300
2026-01-08T02:14:44.001274Z,price_change,0.01,BUY,-691,0.02,0.0300
2026-01-08T02:14:48.250778Z,price_change,0.0500,SELL,250,0.02,0.0300
2026-01-08T02:14:48.549422Z,price_change,0.02,BUY,-1,0.02,0.0300
1767838488,last_trade_price,0.98,SELL,1,0.02,0.0300
2026-01-08T02:14:52.466086Z,price_change,0.1500,SELL,-47,0.02,0.0300
2026-01-08T02:14:52.93991Z,price_change,0.0300,SELL,-333,0.02,0.0300
1767838492,last_trade_price,0.03,BUY,333,0.02,0.0300
2026-01-08T02:14:53.218424Z,price_change,0.0300,SELL,3300,0.02,0.0300
2026-01-08T02:14:53.24889Z,price_change,0.5000,SELL,-130,0.02,0.0300
2026-01-08T02:14:55.843068Z,price_change,0.02,BUY,-22,0.02,0.0300
1767838495,last_trade_price,0.98,SELL,22,0.02,0.0300
2026-01-08T02:14:56.103184Z,price_change,0.1800,SELL,691,0.02,0.0300
2026-01-08T02:14:56.107376Z,price_change,0.01,BUY,691,0.02,0.0300
2026-01-08T02:14:56.876684Z,price_change,0.0300,SELL,186,0.02,0.0300
2026-01-08T02:14:57.656048Z,price_change,0.0500,SELL,40,0.02,0.0300
2026-01-08T02:14:58.009657Z,price_change,0.0500,SELL,-40,0.02,0.0300
2026-01-08T02:14:59.000596Z,price_change,0.01,BUY,-691,0.02,0.0300
2026-01-08T02:14:59.000596Z,price_change,0.1800,SELL,-691,0.02,0.0300
2026-01-08T02:15:07.938204Z,price_change,0.02,BUY,-2500,0.02,0.0300
2026-01-08T02:15:07.962786Z,price_change,0.5100,SELL,105,0.02,0.0300
2026-01-08T02:15:08.496214Z,price_change,0.0300,SELL,-25,0.02,0.0300
1767838508,last_trade_price,0.03,BUY,25,0.02,0.0300
2026-01-08T02:15:11.009062Z,price_change,0.1800,SELL,691,0.02,0.0300
2026-01-08T02:15:11.013775Z,price_change,0.01,BUY,691,0.02,0.0300
2026-01-08T02:15:11.995495Z,price_change,0.0400,SELL,40,0.02,0.0300
2026-01-08T02:15:12.348145Z,price_change,0.0400,SELL,-40,0.02,0.0300
2026-01-08T02:15:13.000524Z,price_change,0.1800,SELL,-691,0.02,0.0300
2026-01-08T02:15:13.000524Z,price_change,0.01,BUY,-691,0.02,0.0300
2026-01-08T02:15:15.646609Z,price_change,0.0300,SELL,-20,0.02,0.0300
1767838515,last_trade_price,0.03,BUY,20,0.02,0.0300
2026-01-08T02:15:17.758519Z,price_change,0.02,BUY,2500,0.02,0.0300
2026-01-08T02:15:22.849246Z,price_change,0.0300,SELL,-7500,0.02,0.0300
2026-01-08T02:15:23.099102Z,price_change,0.0300,SELL,-3,0.02,0.0300
2026-01-08T02:15:23.217668Z,price_change,0.0500,SELL,250,0.02,0.0300
2026-01-08T02:15:24.11359Z,price_change,0.0300,SELL,-1,0.02,0.0300
2026-01-08T02:15:24.11359Z,price_change,0.0400,SELL,1,0.02,0.0300
2026-01-08T02:15:25.290881Z,price_change,0.02,BUY,-5,0.02,0.0300
1767838525,last_trade_price,0.98,SELL,5,0.02,0.0300
2026-01-08T02:15:25.817496Z,price_change,0.02,BUY,-30,0.02,0.0300
1767838525,last_trade_price,0.98,SELL,30,0.02,0.0300
2026-01-08T02:15:26.063609Z,price_change,0.01,BUY,691,0.02,0.0300
2026-01-08T02:15:26.063692Z,price_change,0.1800,SELL,691,0.02,0.0300
2026-01-08T02:15:29.003794Z,price_change,0.01,BUY,-691,0.02,0.0300
2026-01-08T02:15:29.003794Z,price_change,0.1800,SELL,-691,0.02,0.0300
2026-01-08T02:15:29.434789Z,price_change,0.0300,SELL,-105,0.02,0.0300
2026-01-08T02:15:29.434789Z,price_change,0.0300,SELL,-15,0.02,0.0300
2026-01-08T02:15:29.434789Z,price_change,0.0300,SELL,-43,0.02,0.0300
2026-01-08T02:15:29.434789Z,price_change,0.0300,SELL,-100,0.02,0.0300
2026-01-08T02:15:29.434789Z,price_change,0.0300,SELL,-9,0.02,0.0300
2026-01-08T02:15:29.434789Z,price_change,0.0300,SELL,-40,0.02,0.0300
1767838529,last_trade_price,0.03,BUY,105,0.02,0.0300
1767838529,last_trade_price,0.03,BUY,15,0.02,0.0300
1767838529,last_trade_price,0.03,BUY,43,0.02,0.0300
1767838529,last_trade_price,0.03,BUY,100,0.02,0.0300
1767838529,last_trade_price,0.03,BUY,9,0.02,0.0300
1767838529,last_trade_price,0.03,BUY,40,0.02,0.0300
2026-01-08T02:15:29.486421Z,price_change,0.0400,SELL,-1,0.02,0.0300
2026-01-08T02:15:29.494212Z,price_change,0.0400,SELL,-1,0.02,0.0300
2026-01-08T02:15:31.980108Z,price_change,0.0300,SELL,15,0.02,0.0300
2026-01-08T02:15:32.838891Z,price_change,0.0500,SELL,40,0.02,0.0300
2026-01-08T02:15:33.232546Z,price_change,0.0500,SELL,-40,0.02,0.0300
2026-01-08T02:15:34.26344Z,price_change,0.0300,SELL,7500,0.02,0.0300
2026-01-08T02:15:34.542094Z,price_change,0.0300,SELL,1,0.02,0.0300
2026-01-08T02:15:36.578688Z,price_change,0.02,BUY,100,0.02,0.0300
2026-01-08T02:15:37.953452Z,price_change,0.02,BUY,-152,0.02,0.0300
2026-01-08T02:15:37.953452Z,price_change,0.02,BUY,-2500,0.02,0.0300
1767838537,last_trade_price,0.98,SELL,152,0.02,0.0300
1767838537,last_trade_price,0.98,SELL,2500,0.02,0.0300
2026-01-08T02:15:41.398009Z,price_change,0.01,BUY,298,0.02,0.0300
2026-01-08T02:15:41.75236Z,price_change,0.01,BUY,-298,0.02,0.0300
2026-01-08T02:15:42.058427Z,price_change,0.01,BUY,691,0.02,0.0300
2026-01-08T02:15:42.062177Z,price_change,0.1800,SELL,691,0.02,0.0300
2026-01-08T02:15:42.767289Z,price_change,0.0500,SELL,-250,0.02,0.0300
2026-01-08T02:15:42.769717Z,price_change,0.0500,SELL,-250,0.02,0.0300
2026-01-08T02:15:42.899482Z,price_change,0.0300,SELL,3,0.02,0.0300
2026-01-08T02:15:45.000799Z,price_change,0.1800,SELL,-691,0.02,0.0300
2026-01-08T02:15:45.000799Z,price_change,0.01,BUY,-691,0.02,0.0300
2026-01-08T02:15:45.458885Z,price_change,0.0400,SELL,40,0.02,0.0300
2026-01-08T02:15:45.823224Z,price_change,0.0400,SELL,-40,0.02,0.0300
2026-01-08T02:15:49.921933Z,price_change,0.02,BUY,-100,0.01,0.0300
1767838549,last_trade_price,0.98,SELL,100,0.01,0.0300
2026-01-08T02:15:49.935046Z,price_change,0.01,BUY,-674,0.01,0.0300
2026-01-08T02:15:49.938198Z,price_change,0.0400,SELL,-826,0.01,0.0300
2026-01-08T02:15:49.95647Z,price_change,0.0300,SELL,826,0.01,0.0300
2026-01-08T02:15:51.310866Z,price_change,0.0300,SELL,-20,0.01,0.0300
1767838551,last_trade_price,0.03,BUY,20,0.01,0.0300
2026-01-08T02:15:53.776347Z,price_change,0.0300,SELL,-7500,0.01,0.0300
2026-01-08T02:15:54.887322Z,price_change,0.1000,SELL,500,0.01,0.0300
2026-01-08T02:15:55.048926Z,price_change,0.0300,SELL,20,0.01,0.0300
2026-01-08T02:15:55.741059Z,price_change,0.0300,SELL,-3,0.01,0.0300
2026-01-08T02:15:56.507722Z,price_change,0.0300,SELL,-1,0.01,0.0300
2026-01-08T02:15:58.308287Z,price_change,0.1800,SELL,691,0.01,0.0300
2026-01-08T02:15:59.565253Z,price_change,0.0400,SELL,40,0.01,0.0300
2026-01-08T02:15:59.928137Z,price_change,0.0400,SELL,-40,0.01,0.0300
2026-01-08T02:16:00.279985Z,price_change,0.0300,SELL,-141,0.01,0.0300
1767838560,last_trade_price,0.03,BUY,141,0.01,0.0300
2026-01-08T02:16:01.000163Z,price_change,0.1800,SELL,-691,0.01,0.0300
2026-01-08T02:16:01.213482Z,price_change,0.0300,SELL,1,0.01,0.0300
2026-01-08T02:16:01.261723Z,price_change,0.0200,SELL,3,0.01,0.0200
2026-01-08T02:16:03.194589Z,price_change,0.0300,SELL,7500,0.01,0.0200
2026-01-08T02:16:03.326243Z,price_change,0.0300,SELL,-7500,0.01,0.0200
2026-01-08T02:16:04.85949Z,price_change,0.0200,SELL,301,0.01,0.0200
2026-01-08T02:16:04.885851Z,price_change,0.0200,SELL,7500,0.01,0.0200
2026-01-08T02:16:07.668306Z,price_change,0.1500,SELL,47,0.01,0.0200
2026-01-08T02:16:10.646812Z,price_change,0.0400,SELL,40,0.01,0.0200
2026-01-08T02:16:11.004431Z,price_change,0.0400,SELL,-40,0.01,0.0200
2026-01-08T02:16:12.456996Z,price_change,0.1800,SELL,691,0.01,0.0200
2026-01-08T02:16:15.001818Z,price_change,0.1800,SELL,-691,0.01,0.0200
2026-01-08T02:16:17.162309Z,price_change,0.4600,SELL,-74,0.01,0.0200
2026-01-08T02:16:17.190906Z,price_change,0.4700,SELL,75,0.01,0.0200
2026-01-08T02:16:19.692963Z,price_change,0.01,BUY,-833,0.01,0.0200
1767838579,last_trade_price,0.99,SELL,833,0.01,0.0200
2026-01-08T02:16:19.831541Z,price_change,0.5100,SELL,-105,0.01,0.0200
2026-01-08T02:16:19.834288Z,price_change,0.5000,SELL,129,0.01,0.0200
2026-01-08T02:16:22.803987Z,price_change,0.0200,SELL,-7500,0.01,0.0200
2026-01-08T02:16:22.951406Z,price_change,0.0400,SELL,40,0.01,0.0200
2026-01-08T02:16:23.320972Z,price_change,0.0400,SELL,-40,0.01,0.0200
2026-01-08T02:16:23.524916Z,price_change,0.0500,SELL,50,0.01,0.0200
2026-01-08T02:16:24.790281Z,price_change,0.0200,SELL,7500,0.01,0.0200
2026-01-08T02:16:27.554873Z,price_change,0.1800,SELL,691,0.01,0.0200
2026-01-08T02:16:30.001283Z,price_change,0.1800,SELL,-691,0.01,0.0200
2026-01-08T02:16:31.23098Z,price_change,0.0200,SELL,-3,0.01,0.0200
2026-01-08T02:16:31.23098Z,price_change,0.0200,SELL,-4,0.01,0.0200
1767838591,last_trade_price,0.02,BUY,3,0.01,0.0200
1767838591,last_trade_price,0.02,BUY,4,0.01,0.0200
2026-01-08T02:16:42.101336Z,price_change,0.0200,SELL,-25,0.01,0.0200
1767838602,last_trade_price,0.02,BUY,25,0.01,0.0200
2026-01-08T02:16:43.109803Z,price_change,0.1800,SELL,691,0.01,0.0200
2026-01-08T02:16:43.686921Z,price_change,0.1200,SELL,-10,0.01,0.0200
2026-01-08T02:16:44.692363Z,price_change,0.0400,SELL,40,0.01,0.0200
2026-01-08T02:16:45.069434Z,price_change,0.0400,SELL,-40,0.01,0.0200
2026-01-08T02:16:46.0006Z,price_change,0.1800,SELL,-691,0.01,0.0200
2026-01-08T02:16:47.587637Z,price_change,0.0300,SELL,-3099,0.01,0.0200
2026-01-08T02:16:47.587637Z,price_change,0.0200,SELL,3099,0.01,0.0200
2026-01-08T02:16:48.94956Z,price_change,0.0700,SELL,-2139,0.01,0.0200
2026-01-08T02:16:49.20988Z,price_change,0.0200,SELL,-7500,0.01,0.0200
2026-01-08T02:16:50.615342Z,price_change,0.01,BUY,-2139,0.01,0.0200
1767838610,last_trade_price,0.99,SELL,2139,0.01,0.0200
2026-01-08T02:16:50.646029Z,price_change,0.0200,SELL,-46,0.01,0.0200
1767838610,last_trade_price,0.02,BUY,46,0.01,0.0200
2026-01-08T02:16:51.808913Z,price_change,0.0800,SELL,40,0.01,0.0200
2026-01-08T02:16:55.575735Z,price_change,0.3700,SELL,50,0.01,0.0200
2026-01-08T02:16:56.481272Z,price_change,0.0200,SELL,-226,0.01,0.0200
2026-01-08T02:16:56.481272Z,price_change,0.0200,SELL,-274,0.01,0.0200
1767838616,last_trade_price,0.02,BUY,226,0.01,0.0200
1767838616,last_trade_price,0.02,BUY,274,0.01,0.0200
2026-01-08T02:16:56.831529Z,price_change,0.01,BUY,-67,0.01,0.0200
1767838616,last_trade_price,0.99,SELL,67,0.01,0.0200
2026-01-08T02:16:58.355117Z,price_change,0.1800,SELL,691,0.01,0.0200
2026-01-08T02:16:59.280707Z,price_change,0.0200,SELL,-46,0.01,0.0200
1767838619,last_trade_price,0.02,BUY,46,0.01,0.0200
2026-01-08T02:17:01.000432Z,price_change,0.1800,SELL,-691,0.01,0.0200
2026-01-08T02:17:01.293286Z,price_change,0.1000,SELL,-500,0.01,0.0200
2026-01-08T02:17:03.838273Z,price_change,0.01,BUY,-117,0.01,0.0200
1767838623,last_trade_price,0.99,SELL,117,0.01,0.0200
2026-01-08T02:17:05.322256Z,price_change,0.01,BUY,-511,0.01,0.0200
2026-01-08T02:17:05.322256Z,price_change,0.01,BUY,-135,0.01,0.0200
1767838625,last_trade_price,0.99,SELL,511,0.01,0.0200
1767838625,last_trade_price,0.99,SELL,135,0.01,0.0200
2026-01-08T02:17:06.992153Z,price_change,0.1000,SELL,10,0.01,0.0200
2026-01-08T02:17:07.336762Z,price_change,0.0200,SELL,-250,0.01,0.0200
1767838627,last_trade_price,0.02,BUY,250,0.01,0.0200
2026-01-08T02:17:07.681838Z,price_change,0.5000,SELL,-129,0.01,0.0200
2026-01-08T02:17:07.684388Z,price_change,0.5100,SELL,125,0.01,0.0200
2026-01-08T02:17:08.389748Z,price_change,0.0200,SELL,135,0.01,0.0200
2026-01-08T02:17:10.706956Z,price_change,0.01,BUY,-365,0.01,0.0200
2026-01-08T02:17:10.706956Z,price_change,0.01,BUY,-3000,0.01,0.0200
2026-01-08T02:17:10.706956Z,price_change,0.01,BUY,-14,0.01,0.0200
1767838630,last_trade_price,0.99,SELL,365,0.01,0.0200
1767838630,last_trade_price,0.99,SELL,3000,0.01,0.0200
1767838630,last_trade_price,0.99,SELL,14,0.01,0.0200
2026-01-08T02:17:12.429219Z,price_change,0.0200,SELL,14,0.01,0.0200
2026-01-08T02:17:13.454264Z,price_change,0.0200,SELL,230,0.01,0.0200
2026-01-08T02:17:13.906808Z,price_change,0.0200,SELL,3000,0.01,0.0200
2026-01-08T02:17:15.649968Z,price_change,0.0400,SELL,40,0.01,0.0200
2026-01-08T02:17:16.017861Z,price_change,0.0400,SELL,-40,0.01,0.0200
2026-01-08T02:17:16.519888Z,price_change,0.1800,SELL,740,0.01,0.0200
2026-01-08T02:17:19.000623Z,price_change,0.1800,SELL,-740,0.01,0.0200
2026-01-08T02:17:25.965297Z,price_change,0.01,BUY,-10,0.01,0.0200
1767838645,last_trade_price,0.99,SELL,10,0.01,0.0200
2026-01-08T02:17:27.204823Z,price_change,0.01,BUY,-43,0.01,0.0200
1767838647,last_trade_price,0.99,SELL,43,0.01,0.0200
2026-01-08T02:17:28.239444Z,price_change,0.0200,SELL,39,0.01,0.0200
2026-01-08T02:17:30.470878Z,price_change,0.1800,SELL,740,0.01,0.0200
2026-01-08T02:17:33.000829Z,price_change,0.1800,SELL,-740,0.01,0.0200
2026-01-08T02:17:44.781561Z,price_change,0.4700,SELL,-75,0.01,0.0200
2026-01-08T02:17:44.836287Z,price_change,0.4700,SELL,75,0.01,0.0200
2026-01-08T02:17:46.521706Z,price_change,0.1800,SELL,740,0.01,0.0200
2026-01-08T02:17:49.000543Z,price_change,0.1800,SELL,-740,0.01,0.0200
2026-01-08T02:17:55.610696Z,price_change,0.0200,SELL,-93,0.01,0.0200
1767838675,last_trade_price,0.02,BUY,93,0.01,0.0200
2026-01-08T02:17:58.769303Z,price_change,0.1800,SELL,740,0.01,0.0200
2026-01-08T02:17:59.359809Z,price_change,0.0200,SELL,-71,0.01,0.0200
1767838679,last_trade_price,0.02,BUY,71,0.01,0.0200
2026-01-08T02:18:01.000103Z,price_change,0.1800,SELL,-740,0.01,0.0200
2026-01-08T02:18:15.021152Z,price_change,0.1800,SELL,740,0.01,0.0200
2026-01-08T02:18:15.587652Z,price_change,0.4700,SELL,-75,0.01,0.0200
2026-01-08T02:18:15.61483Z,price_change,0.4700,SELL,75,0.01,0.0200
2026-01-08T02:18:18.000058Z,price_change,0.1800,SELL,-740,0.01,0.0200
2026-01-08T02:18:28.997811Z,price_change,0.01,BUY,-134,0.01,0.0200
1767838708,last_trade_price,0.99,SELL,134,0.01,0.0200
2026-01-08T02:18:31.068436Z,price_change,0.1800,SELL,740,0.01,0.0200
2026-01-08T02:18:31.627124Z,price_change,0.0200,SELL,95,0.01,0.0200
2026-01-08T02:18:34.000159Z,price_change,0.1800,SELL,-740,0.01,0.0200
2026-01-08T02:18:44.154403Z,price_change,0.1000,SELL,200,0.01,0.0200
2026-01-08T02:18:46.268772Z,price_change,0.1800,SELL,740,0.01,0.0200
2026-01-08T02:18:46.295246Z,price_change,0.4700,SELL,-75,0.01,0.0200
2026-01-08T02:18:46.321491Z,price_change,0.4700,SELL,75,0.01,0.0200
2026-01-08T02:18:48.182156Z,price_change,0.5100,SELL,-125,0.01,0.0200
2026-01-08T02:18:49.001728Z,price_change,0.1800,SELL,-740,0.01,0.0200
2026-01-08T02:19:01.57237Z,price_change,0.1800,SELL,740,0.01,0.0200
2026-01-08T02:19:04.000823Z,price_change,0.1800,SELL,-740,0.01,0.0200
2026-01-08T02:19:13.226847Z,price_change,0.0200,SELL,-46,0.01,0.0200
1767838753,last_trade_price,0.02,BUY,46,0.01,0.0200
2026-01-08T02:19:14.622794Z,price_change,0.1800,SELL,740,0.01,0.0200
2026-01-08T02:19:17.000977Z,price_change,0.1800,SELL,-740,0.01,0.0200
2026-01-08T02:19:17.030597Z,price_change,0.0400,SELL,40,0.01,0.0200
2026-01-08T02:19:17.502244Z,price_change,0.0400,SELL,-40,0.01,0.0200
2026-01-08T02:19:18.924786Z,price_change,0.0200,SELL,-375,0.01,0.0200
1767838758,last_trade_price,0.02,BUY,375,0.01,0.0200
2026-01-08T02:19:28.978135Z,price_change,0.0200,SELL,7500,0.01,0.0200
2026-01-08T02:19:29.082244Z,price_change,0.0200,SELL,-7500,0.01,0.0200
2026-01-08T02:19:29.223543Z,price_change,0.1800,SELL,740,0.01,0.0200
2026-01-08T02:19:31.096879Z,price_change,0.4700,SELL,-75,0.01,0.0200
2026-01-08T02:19:31.152436Z,price_change,0.4700,SELL,75,0.01,0.0200
2026-01-08T02:19:32.000542Z,price_change,0.1800,SELL,-740,0.01,0.0200
2026-01-08T02:19:32.812952Z,price_change,0.0200,SELL,7500,0.01,0.0200
2026-01-08T02:19:32.870871Z,price_change,0.0200,SELL,1,0.01,0.0200
2026-01-08T02:19:34.824856Z,price_change,0.01,BUY,-86,0.01,0.0200
1767838774,last_trade_price,0.99,SELL,86,0.01,0.0200
2026-01-08T02:19:35.14028Z,price_change,0.0200,SELL,-500,0.01,0.0200
1767838775,last_trade_price,0.02,BUY,500,0.01,0.0200
2026-01-08T02:19:41.369174Z,price_change,0.1800,SELL,740,0.01,0.0200
2026-01-08T02:19:44.000405Z,price_change,0.1800,SELL,-740,0.01,0.0200
2026-01-08T02:19:45.630761Z,price_change,0.0400,SELL,40,0.01,0.0200
2026-01-08T02:19:45.978432Z,price_change,0.0400,SELL,-40,0.01,0.0200
2026-01-08T02:19:50.414171Z,price_change,0.5000,SELL,126,0.01,0.0200
2026-01-08T02:19:52.274798Z,price_change,0.4700,SELL,-75,0.01,0.0200
2026-01-08T02:19:52.324686Z,price_change,0.4700,SELL,75,0.01,0.0200
2026-01-08T02:19:56.211174Z,price_change,0.0500,SELL,250,0.01,0.0200
2026-01-08T02:19:57.269001Z,price_change,0.1800,SELL,740,0.01,0.0200
2026-01-08T02:20:00.001938Z,price_change,0.1800,SELL,-740,0.01,0.0200
2026-01-08T02:20:00.001938Z,price_change,0.9400,SELL,-250,0.01,0.0200
2026-01-08T02:20:02.314326Z,price_change,0.5000,SELL,-126,0.01,0.0200
2026-01-08T02:20:05.359164Z,price_change,0.01,BUY,-1000,0.01,0.0200
2026-01-08T02:20:09.135455Z,price_change,0.0200,SELL,-10,0.01,0.0200
1767838809,last_trade_price,0.02,BUY,10,0.01,0.0200
2026-01-08T02:20:11.170563Z,price_change,0.1800,SELL,740,0.01,0.0200
2026-01-08T02:20:14.001143Z,price_change,0.1800,SELL,-740,0.01,0.0200
1767838815,last_trade_price,0.99,SELL,21,0.01,0.0200
2026-01-08T02:20:15.916604Z,price_change,0.01,BUY,-21,0.01,0.0200
2026-01-08T02:20:17.604478Z,price_change,0.0400,SELL,40,0.01,0.0200
2026-01-08T02:20:17.873662Z,price_change,0.0200,SELL,12,0.01,0.0200
2026-01-08T02:20:18.000917Z,price_change,0.0400,SELL,-40,0.01,0.0200
2026-01-08T02:20:19.894623Z,price_change,0.01,BUY,-192,0.01,0.0200
2026-01-08T02:20:19.894623Z,price_change,0.01,BUY,-100,0.01,0.0200
2026-01-08T02:20:19.894623Z,price_change,0.01,BUY,-100,0.01,0.0200
2026-01-08T02:20:19.894623Z,price_change,0.01,BUY,-100,0.01,0.0200
2026-01-08T02:20:19.894623Z,price_change,0.01,BUY,-100,0.01,0.0200
2026-01-08T02:20:19.894623Z,price_change,0.01,BUY,-100,0.01,0.0200
2026-01-08T02:20:19.894623Z,price_change,0.01,BUY,-100,0.01,0.0200
2026-01-08T02:20:19.894623Z,price_change,0.01,BUY,-50,0.01,0.0200
2026-01-08T02:20:19.894623Z,price_change,0.01,BUY,-300,0.01,0.0200
2026-01-08T02:20:19.894623Z,price_change,0.01,BUY,-120,,0.0200
2026-01-08T02:20:19.894623Z,price_change,0.0100,SELL,8738,,0.0100
1767838819,last_trade_price,0.99,SELL,192,,0.0100
1767838819,last_trade_price,0.99,SELL,100,,0.0100
1767838819,last_trade_price,0.99,SELL,100,,0.0100
1767838819,last_trade_price,0.99,SELL,100,,0.0100
1767838819,last_trade_price,0.99,SELL,100,,0.0100
1767838819,last_trade_price,0.99,SELL,100,,0.0100
1767838819,last_trade_price,0.99,SELL,100,,0.0100
1767838819,last_trade_price,0.99,SELL,50,,0.0100
1767838819,last_trade_price,0.99,SELL,300,,0.0100
1767838819,last_trade_price,0.99,SELL,120,,0.0100
2026-01-08T02:20:19.908741Z,price_change,0.0300,SELL,-826,,0.0100
2026-01-08T02:20:21.416889Z,price_change,0.0100,SELL,-348,,0.0100
1767838821,last_trade_price,0.01,BUY,348,,0.0100
2026-01-08T02:20:22.728704Z,price_change,0.0100,SELL,-50,,0.0100
1767838822,last_trade_price,0.01,BUY,50,,0.0100
2026-01-08T02:20:22.887371Z,price_change,0.0200,SELL,180,,0.0100
2026-01-08T02:20:23.235399Z,price_change,0.0100,SELL,-9,,0.0100
1767838823,last_trade_price,0.01,BUY,9,,0.0100
2026-01-08T02:20:24.891505Z,price_change,0.0200,SELL,-7500,,0.0100
2026-01-08T02:20:27.044538Z,price_change,0.0100,SELL,-100,,0.0100
1767838827,last_trade_price,0.01,BUY,100,,0.0100
2026-01-08T02:20:28.267121Z,price_change,0.1800,SELL,740,,0.0100
2026-01-08T02:20:30.60208Z,price_change,0.0200,SELL,7500,,0.0100
2026-01-08T02:20:31.000292Z,price_change,0.1800,SELL,-740,,0.0100
2026-01-08T02:20:31.214668Z,price_change,0.2600,SELL,-150,,0.0100
2026-01-08T02:20:31.214668Z,price_change,0.0800,SELL,150,,0.0100
2026-01-08T02:20:34.742241Z,price_change,0.0200,SELL,-7500,,0.0100
2026-01-08T02:20:37.89776Z,price_change,0.4700,SELL,-75,,0.0100
2026-01-08T02:20:37.951396Z,price_change,0.4700,SELL,75,,0.0100
2026-01-08T02:20:38.336045Z,price_change,0.2300,SELL,-100,,0.0100
2026-01-08T02:20:38.336045Z,price_change,0.1400,SELL,100,,0.0100
2026-01-08T02:20:38.357825Z,price_change,0.0200,SELL,7500,,0.0100
2026-01-08T02:20:38.491654Z,price_change,0.0300,SELL,-1,,0.0100
2026-01-08T02:20:38.491654Z,price_change,0.0200,SELL,1,,0.0100
2026-01-08T02:20:40.214107Z,price_change,0.0300,SELL,100,,0.0100
2026-01-08T02:20:42.174285Z,price_change,0.1800,SELL,740,,0.0100
2026-01-08T02:20:45.000288Z,price_change,0.1800,SELL,-740,,0.0100
2026-01-08T02:20:49.328053Z,price_change,0.0300,SELL,100,,0.0100
2026-01-08T02:20:50.418634Z,price_change,0.0400,SELL,100,,0.0100
2026-01-08T02:20:51.414341Z,price_change,0.0500,SELL,100,,0.0100
2026-01-08T02:20:52.073905Z,price_change,0.5200,SELL,132,,0.0100
2026-01-08T02:20:52.411751Z,price_change,0.0700,SELL,100,,0.0100
2026-01-08T02:20:53.375179Z,price_change,0.1000,SELL,100,,0.0100
2026-01-08T02:20:56.399934Z,price_change,0.0200,SELL,50,,0.0100
2026-01-08T02:20:59.161301Z,price_change,0.0400,SELL,40,,0.0100
2026-01-08T02:20:59.319516Z,price_change,0.1800,SELL,740,,0.0100
2026-01-08T02:20:59.534217Z,price_change,0.0400,SELL,-40,,0.0100
2026-01-08T02:21:02.000194Z,price_change,0.1800,SELL,-740,,0.0100
2026-01-08T02:21:11.718078Z,price_change,0.1800,SELL,740,,0.0100
2026-01-08T02:21:13.184327Z,price_change,0.5200,SELL,-132,,0.0100
2026-01-08T02:21:14.000152Z,price_change,0.1800,SELL,-740,,0.0100
2026-01-08T02:21:14.735623Z,price_change,0.0200,SELL,-7500,,0.0100
2026-01-08T02:21:17.720867Z,price_change,0.0100,SELL,-93,,0.0100
1767838877,last_trade_price,0.01,BUY,93,,0.0100
2026-01-08T02:21:21.662975Z,price_change,0.0200,SELL,7500,,0.0100
2026-01-08T02:21:25.473453Z,price_change,0.1800,SELL,740,,0.0100
2026-01-08T02:21:27.284035Z,price_change,0.5300,SELL,135,,0.0100
2026-01-08T02:21:28.000089Z,price_change,0.1800,SELL,-740,,0.0100
2026-01-08T02:21:31.143471Z,price_change,0.0100,SELL,-1000,,0.0100
1767838891,last_trade_price,0.01,BUY,1000,,0.0100
2026-01-08T02:21:32.852361Z,price_change,0.0400,SELL,40,,0.0100
2026-01-08T02:21:33.249074Z,price_change,0.0400,SELL,-40,,0.0100
2026-01-08T02:21:35.043248Z,price_change,0.0100,SELL,-280,,0.0100
1767838895,last_trade_price,0.01,BUY,280,,0.0100
2026-01-08T02:21:37.624096Z,price_change,0.1800,SELL,740,,0.0100
2026-01-08T02:21:40.002148Z,price_change,0.1800,SELL,-740,,0.0100
2026-01-08T02:21:42.274662Z,price_change,0.0100,SELL,10000,,0.0100
2026-01-08T02:21:42.375139Z,price_change,0.0200,SELL,-1,,0.0100
2026-01-08T02:21:43.452548Z,price_change,0.0300,SELL,-20,,0.0100
2026-01-08T02:21:49.247084Z,price_change,0.4700,SELL,-75,,0.0100
2026-01-08T02:21:49.294792Z,price_change,0.4700,SELL,75,,0.0100
2026-01-08T02:21:50.06804Z,price_change,0.1800,SELL,740,,0.0100
2026-01-08T02:21:53.000663Z,price_change,0.1800,SELL,-740,,0.0100
2026-01-08T02:21:55.271626Z,price_change,0.0100,SELL,-10,,0.0100
1767838915,last_trade_price,0.01,BUY,10,,0.0100
2026-01-08T02:22:03.347829Z,price_change,0.1800,SELL,740,,0.0100
2026-01-08T02:22:06.000011Z,price_change,0.1800,SELL,-740,,0.0100
2026-01-08T02:22:08.115395Z,price_change,0.9900,SELL,300,,0.0100
2026-01-08T02:22:14.316596Z,price_change,0.4700,SELL,-75,,0.0100
2026-01-08T02:22:14.369066Z,price_change,0.4700,SELL,75,,0.0100
2026-01-08T02:22:15.462801Z,price_change,0.1800,SELL,769,,0.0100
2026-01-08T02:22:16.51503Z,price_change,0.0100,SELL,-187,,0.0100
1767838936,last_trade_price,0.01,BUY,187,,0.0100
2026-01-08T02:22:16.586195Z,price_change,0.0100,SELL,1,,0.0100
2026-01-08T02:22:18.000721Z,price_change,0.1800,SELL,-769,,0.0100
2026-01-08T02:22:27.21232Z,price_change,0.1800,SELL,769,,0.0100
2026-01-08T02:22:30.000841Z,price_change,0.1800,SELL,-769,,0.0100
2026-01-08T02:22:35.422457Z,price_change,0.0100,SELL,-100,,0.0100
1767838955,last_trade_price,0.01,BUY,100,,0.0100
2026-01-08T02:22:36.122559Z,price_change,0.0100,SELL,-50,,0.0100
1767838956,last_trade_price,0.01,BUY,50,,0.0100
2026-01-08T02:22:39.862752Z,price_change,0.1800,SELL,769,,0.0100
2026-01-08T02:22:42.000222Z,price_change,0.1800,SELL,-769,,0.0100
2026-01-08T02:22:51.26349Z,price_change,0.1800,SELL,769,,0.0100
2026-01-08T02:22:52.590691Z,price_change,0.0100,SELL,-1870,,0.0100
1767838972,last_trade_price,0.01,BUY,1870,,0.0100
2026-01-08T02:22:54.000445Z,price_change,0.1800,SELL,-769,,0.0100
2026-01-08T02:22:54.452705Z,price_change,0.0100,SELL,-74,,0.0100
1767838974,last_trade_price,0.01,BUY,74,,0.0100
2026-01-08T02:22:56.322625Z,price_change,0.0100,SELL,-467,,0.0100
1767838976,last_trade_price,0.01,BUY,467,,0.0100
2026-01-08T02:22:59.876021Z,price_change,0.0100,SELL,-10,,0.0100
1767838979,last_trade_price,0.01,BUY,10,,0.0100
2026-01-08T02:23:04.857999Z,price_change,0.1800,SELL,769,,0.0100
2026-01-08T02:23:07.001565Z,price_change,0.1800,SELL,-769,,0.0100
2026-01-08T02:23:08.46144Z,price_change,0.4700,SELL,-75,,0.0100
2026-01-08T02:23:08.510987Z,price_change,0.4700,SELL,75,,0.0100
2026-01-08T02:23:16.34755Z,price_change,0.1800,SELL,769,,0.0100
2026-01-08T02:23:18.622836Z,price_change,0.0200,SELL,-1434,,0.0100
2026-01-08T02:23:18.622836Z,price_change,0.0100,SELL,1434,,0.0100
2026-01-08T02:23:19.000052Z,price_change,0.1800,SELL,-769,,0.0100
2026-01-08T02:23:28.613319Z,price_change,0.1800,SELL,769,,0.0100
2026-01-08T02:23:31.000777Z,price_change,0.1800,SELL,-769,,0.0100
2026-01-08T02:23:32.332976Z,price_change,0.5300,SELL,-135,,0.0100
2026-01-08T02:23:32.335566Z,price_change,0.5400,SELL,123,,0.0100
2026-01-08T02:23:41.158525Z,price_change,0.1800,SELL,769,,0.0100
2026-01-08T02:23:44.00064Z,price_change,0.1800,SELL,-769,,0.0100
2026-01-08T02:23:53.311059Z,price_change,0.1800,SELL,769,,0.0100
2026-01-08T02:23:56.002702Z,price_change,0.1800,SELL,-769,,0.0100
2026-01-08T02:24:04.713315Z,price_change,0.1800,SELL,769,,0.0100
2026-01-08T02:24:07.00674Z,price_change,0.1800,SELL,-769,,0.0100
2026-01-08T02:24:12.374336Z,price_change,0.0100,SELL,-467,,0.0100
1767839052,last_trade_price,0.01,BUY,467,,0.0100
2026-01-08T02:24:14.087579Z,price_change,0.0100,SELL,-93,,0.0100
1767839054,last_trade_price,0.01,BUY,93,,0.0100
2026-01-08T02:24:15.966527Z,price_change,0.1800,SELL,769,,0.0100
2026-01-08T02:24:18.000177Z,price_change,0.1800,SELL,-769,,0.0100
2026-01-08T02:24:27.442612Z,price_change,0.1800,SELL,769,,0.0100
2026-01-08T02:24:29.433427Z,price_change,0.4700,SELL,-75,,0.0100
2026-01-08T02:24:29.462086Z,price_change,0.4700,SELL,75,,0.0100
2026-01-08T02:24:30.001643Z,price_change,0.1800,SELL,-769,,0.0100
2026-01-08T02:24:42.609272Z,price_change,0.0400,SELL,40,,0.0100
2026-01-08T02:24:42.987071Z,price_change,0.0400,SELL,-40,,0.0100
2026-01-08T02:24:44.86484Z,price_change,0.1800,SELL,769,,0.0100
2026-01-08T02:24:47.00072Z,price_change,0.1800,SELL,-769,,0.0100
2026-01-08T02:24:50.867134Z,price_change,0.9800,SELL,-2500,,0.0100
2026-01-08T02:24:51.070247Z,price_change,0.9900,SELL,-3000,,0.0100
2026-01-08T02:24:51.083843Z,price_change,0.9900,SELL,-500,,0.0100
2026-01-08T02:24:51.333576Z,price_change,0.9800,SELL,-250,,0.0100
2026-01-08T02:24:51.683588Z,price_change,0.9900,SELL,-500,,0.0100
2026-01-08T02:24:53.635335Z,price_change,0.0300,SELL,-15,,0.0100
2026-01-08T02:24:53.644955Z,price_change,0.0200,SELL,-230,,0.0100
2026-01-08T02:24:53.650461Z,price_change,0.0200,SELL,-3000,,0.0100
2026-01-08T02:24:53.904549Z,price_change,0.0200,SELL,-135,,0.0100
2026-01-08T02:24:54.122579Z,price_change,0.0300,SELL,-186,,0.0100
2026-01-08T02:24:54.252863Z,price_change,0.0200,SELL,-180,,0.0100
2026-01-08T02:24:54.584576Z,price_change,0.0200,SELL,-12,,0.0100
2026-01-08T02:24:54.698513Z,price_change,0.0100,SELL,15,,0.0100
2026-01-08T02:24:54.817054Z,price_change,0.0200,SELL,-95,,0.0100
2026-01-08T02:24:54.920871Z,price_change,0.0400,SELL,40,,0.0100
2026-01-08T02:24:55.127461Z,price_change,0.0200,SELL,-39,,0.0100
2026-01-08T02:24:55.299363Z,price_change,0.0400,SELL,-40,,0.0100
2026-01-08T02:24:55.346681Z,price_change,0.0200,SELL,-14,,0.0100
2026-01-08T02:24:55.392845Z,price_change,0.0100,SELL,3000,,0.0100
2026-01-08T02:24:55.634321Z,price_change,0.1800,SELL,769,,0.0100
2026-01-08T02:24:55.695353Z,price_change,0.0100,SELL,500,,0.0100
2026-01-08T02:24:55.84891Z,price_change,0.0100,SELL,336,,0.0100
2026-01-08T02:24:57.189389Z,price_change,0.0100,SELL,500,,0.0100
2026-01-08T02:24:58.000317Z,price_change,0.1800,SELL,-769,,0.0100
2026-01-08T02:25:02.839252Z,price_change,0.0200,SELL,-7500,,0.0100
2026-01-08T02:25:04.028585Z,price_change,0.0100,SELL,-33,,0.0100
1767839104,last_trade_price,0.01,BUY,33,,0.0100
2026-01-08T02:25:04.893284Z,price_change,0.0400,SELL,40,,0.0100
2026-01-08T02:25:04.952872Z,price_change,0.0100,SELL,-1,,0.0100
2026-01-08T02:25:05.022885Z,price_change,0.0200,SELL,-1,,0.0100
2026-01-08T02:25:05.260215Z,price_change,0.0400,SELL,-40,,0.0100
2026-01-08T02:25:07.228514Z,price_change,0.5400,SELL,-123,,0.0100
2026-01-08T02:25:07.230872Z,price_change,0.5100,SELL,125,,0.0100
2026-01-08T02:25:07.445257Z,price_change,0.1800,SELL,769,,0.0100
2026-01-08T02:25:09.316256Z,price_change,0.0400,SELL,40,,0.0100
2026-01-08T02:25:09.661162Z,price_change,0.0400,SELL,-40,,0.0100
2026-01-08T02:25:10.000319Z,price_change,0.1800,SELL,-769,,0.0100
2026-01-08T02:25:12.546794Z,price_change,0.0100,SELL,-25,,0.0100
1767839112,last_trade_price,0.01,BUY,25,,0.0100
